{"cameraMode":{"drawMode":0,"name":"Shaded","section":"Shading Mode"},"sceneLighting":false,"audioPlay":false,"sceneViewState":{"m_AlwaysRefresh":false,"showFog":true,"showSkybox":true,"showFlares":true,"showImageEffects":true,"showParticleSystems":true,"showVisualEffectGraphs":true,"m_FxEnabled":false},"in2DMode":false,"pivot":{"x":-0.4068540334701538,"y":2.1227755546569826,"z":-4.562504768371582},"rotation":{"x":-0.1438084840774536,"y":0.006528668105602264,"z":-0.0009411676437593997,"w":-0.9895984530448914},"size":1.5308879613876343,"orthographic":false}